"BLOCK","TREATMENT","TRANSECT","METER","BC","x","y"
38,"CC",NA,1.41,0.556551622957692,1,1
38,"CC",NA,2.24,0.586515578549798,1,2
38,"CC",NA,3.16,0.619728637760325,1,3
38,"CC",NA,2.24,0.586515578549798,2,1
38,"CC",NA,2.83,0.607815257826114,2,2
38,"CC",NA,3.61,0.63597415585243,2,3
38,"CC",NA,3.16,0.619728637760325,3,1
38,"CC",NA,3.61,0.63597415585243,3,2
38,"CC",NA,4.24,0.658717881181378,3,3
38,"CC",NA,1.41,0.556551622957692,1,-1
38,"CC",NA,2.24,0.586515578549798,1,-2
38,"CC",NA,3.16,0.619728637760325,1,-3
38,"CC",NA,2.24,0.586515578549798,2,-1
38,"CC",NA,2.83,0.607815257826114,2,-2
38,"CC",NA,3.61,0.63597415585243,2,-3
38,"CC",NA,3.16,0.619728637760325,3,-1
38,"CC",NA,3.61,0.63597415585243,3,-2
38,"CC",NA,4.24,0.658717881181378,3,-3
38,"CC",NA,1.41,0.556551622957692,-1,-1
38,"CC",NA,2.24,0.586515578549798,-1,-2
38,"CC",NA,3.16,0.619728637760325,-1,-3
38,"CC",NA,2.24,0.586515578549798,-2,-1
38,"CC",NA,2.83,0.607815257826114,-2,-2
38,"CC",NA,3.61,0.63597415585243,-2,-3
38,"CC",NA,3.16,0.619728637760325,-3,-1
38,"CC",NA,3.61,0.63597415585243,-3,-2
38,"CC",NA,4.24,0.658717881181378,-3,-3
38,"CC",NA,1.41,0.556551622957692,-1,1
38,"CC",NA,2.24,0.586515578549798,-1,2
38,"CC",NA,3.16,0.619728637760325,-1,3
38,"CC",NA,2.24,0.586515578549798,-2,1
38,"CC",NA,2.83,0.607815257826114,-2,2
38,"CC",NA,3.61,0.63597415585243,-2,3
38,"CC",NA,3.16,0.619728637760325,-3,1
38,"CC",NA,3.61,0.63597415585243,-3,2
38,"CC",NA,4.24,0.658717881181378,-3,3
38,"OC",NA,1.41,0.577512157497167,1,1
38,"OC",NA,2.24,0.60983847328664,1,2
38,"OC",NA,3.16,0.645670052234009,1,3
38,"OC",NA,2.24,0.60983847328664,2,1
38,"OC",NA,2.83,0.632817420655062,2,2
38,"OC",NA,3.61,0.663196368023483,2,3
38,"OC",NA,3.16,0.645670052234009,3,1
38,"OC",NA,3.61,0.663196368023483,3,2
38,"OC",NA,4.24,0.687733210128746,3,3
38,"OC",NA,1.41,0.577512157497167,1,-1
38,"OC",NA,2.24,0.60983847328664,1,-2
38,"OC",NA,3.16,0.645670052234009,1,-3
38,"OC",NA,2.24,0.60983847328664,2,-1
38,"OC",NA,2.83,0.632817420655062,2,-2
38,"OC",NA,3.61,0.663196368023483,2,-3
38,"OC",NA,3.16,0.645670052234009,3,-1
38,"OC",NA,3.61,0.663196368023483,3,-2
38,"OC",NA,4.24,0.687733210128746,3,-3
38,"OC",NA,1.41,0.577512157497167,-1,-1
38,"OC",NA,2.24,0.60983847328664,-1,-2
38,"OC",NA,3.16,0.645670052234009,-1,-3
38,"OC",NA,2.24,0.60983847328664,-2,-1
38,"OC",NA,2.83,0.632817420655062,-2,-2
38,"OC",NA,3.61,0.663196368023483,-2,-3
38,"OC",NA,3.16,0.645670052234009,-3,-1
38,"OC",NA,3.61,0.663196368023483,-3,-2
38,"OC",NA,4.24,0.687733210128746,-3,-3
38,"OC",NA,1.41,0.577512157497167,-1,1
38,"OC",NA,2.24,0.60983847328664,-1,2
38,"OC",NA,3.16,0.645670052234009,-1,3
38,"OC",NA,2.24,0.60983847328664,-2,1
38,"OC",NA,2.83,0.632817420655062,-2,2
38,"OC",NA,3.61,0.663196368023483,-2,3
38,"OC",NA,3.16,0.645670052234009,-3,1
38,"OC",NA,3.61,0.663196368023483,-3,2
38,"OC",NA,4.24,0.687733210128746,-3,3
38,"CC",NA,1.41,0.556551622957692,1,1
38,"CC",NA,2.24,0.586515578549798,1,2
38,"CC",NA,3.16,0.619728637760325,1,3
38,"CC",NA,2.24,0.586515578549798,2,1
38,"CC",NA,2.83,0.607815257826114,2,2
38,"CC",NA,3.61,0.63597415585243,2,3
38,"CC",NA,3.16,0.619728637760325,3,1
38,"CC",NA,3.61,0.63597415585243,3,2
38,"CC",NA,4.24,0.658717881181378,3,3
38,"CC",NA,1.41,0.556551622957692,1,-1
38,"CC",NA,2.24,0.586515578549798,1,-2
38,"CC",NA,3.16,0.619728637760325,1,-3
38,"CC",NA,2.24,0.586515578549798,2,-1
38,"CC",NA,2.83,0.607815257826114,2,-2
38,"CC",NA,3.61,0.63597415585243,2,-3
38,"CC",NA,3.16,0.619728637760325,3,-1
38,"CC",NA,3.61,0.63597415585243,3,-2
38,"CC",NA,4.24,0.658717881181378,3,-3
38,"CC",NA,1.41,0.556551622957692,-1,-1
38,"CC",NA,2.24,0.586515578549798,-1,-2
38,"CC",NA,3.16,0.619728637760325,-1,-3
38,"CC",NA,2.24,0.586515578549798,-2,-1
38,"CC",NA,2.83,0.607815257826114,-2,-2
38,"CC",NA,3.61,0.63597415585243,-2,-3
38,"CC",NA,3.16,0.619728637760325,-3,-1
38,"CC",NA,3.61,0.63597415585243,-3,-2
38,"CC",NA,4.24,0.658717881181378,-3,-3
38,"CC",NA,1.41,0.556551622957692,-1,1
38,"CC",NA,2.24,0.586515578549798,-1,2
38,"CC",NA,3.16,0.619728637760325,-1,3
38,"CC",NA,2.24,0.586515578549798,-2,1
38,"CC",NA,2.83,0.607815257826114,-2,2
38,"CC",NA,3.61,0.63597415585243,-2,3
38,"CC",NA,3.16,0.619728637760325,-3,1
38,"CC",NA,3.61,0.63597415585243,-3,2
38,"CC",NA,4.24,0.658717881181378,-3,3
38,"OC",NA,1.41,0.577512157497167,1,1
38,"OC",NA,2.24,0.60983847328664,1,2
38,"OC",NA,3.16,0.645670052234009,1,3
38,"OC",NA,2.24,0.60983847328664,2,1
38,"OC",NA,2.83,0.632817420655062,2,2
38,"OC",NA,3.61,0.663196368023483,2,3
38,"OC",NA,3.16,0.645670052234009,3,1
38,"OC",NA,3.61,0.663196368023483,3,2
38,"OC",NA,4.24,0.687733210128746,3,3
38,"OC",NA,1.41,0.577512157497167,1,-1
38,"OC",NA,2.24,0.60983847328664,1,-2
38,"OC",NA,3.16,0.645670052234009,1,-3
38,"OC",NA,2.24,0.60983847328664,2,-1
38,"OC",NA,2.83,0.632817420655062,2,-2
38,"OC",NA,3.61,0.663196368023483,2,-3
38,"OC",NA,3.16,0.645670052234009,3,-1
38,"OC",NA,3.61,0.663196368023483,3,-2
38,"OC",NA,4.24,0.687733210128746,3,-3
38,"OC",NA,1.41,0.577512157497167,-1,-1
38,"OC",NA,2.24,0.60983847328664,-1,-2
38,"OC",NA,3.16,0.645670052234009,-1,-3
38,"OC",NA,2.24,0.60983847328664,-2,-1
38,"OC",NA,2.83,0.632817420655062,-2,-2
38,"OC",NA,3.61,0.663196368023483,-2,-3
38,"OC",NA,3.16,0.645670052234009,-3,-1
38,"OC",NA,3.61,0.663196368023483,-3,-2
38,"OC",NA,4.24,0.687733210128746,-3,-3
38,"OC",NA,1.41,0.577512157497167,-1,1
38,"OC",NA,2.24,0.60983847328664,-1,2
38,"OC",NA,3.16,0.645670052234009,-1,3
38,"OC",NA,2.24,0.60983847328664,-2,1
38,"OC",NA,2.83,0.632817420655062,-2,2
38,"OC",NA,3.61,0.663196368023483,-2,3
38,"OC",NA,3.16,0.645670052234009,-3,1
38,"OC",NA,3.61,0.663196368023483,-3,2
38,"OC",NA,4.24,0.687733210128746,-3,3
37,"CC",NA,1.41,0.787764929958747,1,1
37,"CC",NA,2.24,0.817728885550853,1,2
37,"CC",NA,3.16,0.850941944761379,1,3
37,"CC",NA,2.24,0.817728885550853,2,1
37,"CC",NA,2.83,0.839028564827169,2,2
37,"CC",NA,3.61,0.867187462853485,2,3
37,"CC",NA,3.16,0.850941944761379,3,1
37,"CC",NA,3.61,0.867187462853485,3,2
37,"CC",NA,4.24,0.889931188182432,3,3
37,"CC",NA,1.41,0.787764929958747,1,-1
37,"CC",NA,2.24,0.817728885550853,1,-2
37,"CC",NA,3.16,0.850941944761379,1,-3
37,"CC",NA,2.24,0.817728885550853,2,-1
37,"CC",NA,2.83,0.839028564827169,2,-2
37,"CC",NA,3.61,0.867187462853485,2,-3
37,"CC",NA,3.16,0.850941944761379,3,-1
37,"CC",NA,3.61,0.867187462853485,3,-2
37,"CC",NA,4.24,0.889931188182432,3,-3
37,"CC",NA,1.41,0.787764929958747,-1,-1
37,"CC",NA,2.24,0.817728885550853,-1,-2
37,"CC",NA,3.16,0.850941944761379,-1,-3
37,"CC",NA,2.24,0.817728885550853,-2,-1
37,"CC",NA,2.83,0.839028564827169,-2,-2
37,"CC",NA,3.61,0.867187462853485,-2,-3
37,"CC",NA,3.16,0.850941944761379,-3,-1
37,"CC",NA,3.61,0.867187462853485,-3,-2
37,"CC",NA,4.24,0.889931188182432,-3,-3
37,"CC",NA,1.41,0.787764929958747,-1,1
37,"CC",NA,2.24,0.817728885550853,-1,2
37,"CC",NA,3.16,0.850941944761379,-1,3
37,"CC",NA,2.24,0.817728885550853,-2,1
37,"CC",NA,2.83,0.839028564827169,-2,2
37,"CC",NA,3.61,0.867187462853485,-2,3
37,"CC",NA,3.16,0.850941944761379,-3,1
37,"CC",NA,3.61,0.867187462853485,-3,2
37,"CC",NA,4.24,0.889931188182432,-3,3
37,"OC",NA,1.41,0.808725464498221,1,1
37,"OC",NA,2.24,0.841051780287695,1,2
37,"OC",NA,3.16,0.876883359235064,1,3
37,"OC",NA,2.24,0.841051780287695,2,1
37,"OC",NA,2.83,0.864030727656116,2,2
37,"OC",NA,3.61,0.894409675024537,2,3
37,"OC",NA,3.16,0.876883359235064,3,1
37,"OC",NA,3.61,0.894409675024537,3,2
37,"OC",NA,4.24,0.918946517129801,3,3
37,"OC",NA,1.41,0.808725464498221,1,-1
37,"OC",NA,2.24,0.841051780287695,1,-2
37,"OC",NA,3.16,0.876883359235064,1,-3
37,"OC",NA,2.24,0.841051780287695,2,-1
37,"OC",NA,2.83,0.864030727656116,2,-2
37,"OC",NA,3.61,0.894409675024537,2,-3
37,"OC",NA,3.16,0.876883359235064,3,-1
37,"OC",NA,3.61,0.894409675024537,3,-2
37,"OC",NA,4.24,0.918946517129801,3,-3
37,"OC",NA,1.41,0.808725464498221,-1,-1
37,"OC",NA,2.24,0.841051780287695,-1,-2
37,"OC",NA,3.16,0.876883359235064,-1,-3
37,"OC",NA,2.24,0.841051780287695,-2,-1
37,"OC",NA,2.83,0.864030727656116,-2,-2
37,"OC",NA,3.61,0.894409675024537,-2,-3
37,"OC",NA,3.16,0.876883359235064,-3,-1
37,"OC",NA,3.61,0.894409675024537,-3,-2
37,"OC",NA,4.24,0.918946517129801,-3,-3
37,"OC",NA,1.41,0.808725464498221,-1,1
37,"OC",NA,2.24,0.841051780287695,-1,2
37,"OC",NA,3.16,0.876883359235064,-1,3
37,"OC",NA,2.24,0.841051780287695,-2,1
37,"OC",NA,2.83,0.864030727656116,-2,2
37,"OC",NA,3.61,0.894409675024537,-2,3
37,"OC",NA,3.16,0.876883359235064,-3,1
37,"OC",NA,3.61,0.894409675024537,-3,2
37,"OC",NA,4.24,0.918946517129801,-3,3
37,"CC",NA,1.41,0.787764929958747,1,1
37,"CC",NA,2.24,0.817728885550853,1,2
37,"CC",NA,3.16,0.850941944761379,1,3
37,"CC",NA,2.24,0.817728885550853,2,1
37,"CC",NA,2.83,0.839028564827169,2,2
37,"CC",NA,3.61,0.867187462853485,2,3
37,"CC",NA,3.16,0.850941944761379,3,1
37,"CC",NA,3.61,0.867187462853485,3,2
37,"CC",NA,4.24,0.889931188182432,3,3
37,"CC",NA,1.41,0.787764929958747,1,-1
37,"CC",NA,2.24,0.817728885550853,1,-2
37,"CC",NA,3.16,0.850941944761379,1,-3
37,"CC",NA,2.24,0.817728885550853,2,-1
37,"CC",NA,2.83,0.839028564827169,2,-2
37,"CC",NA,3.61,0.867187462853485,2,-3
37,"CC",NA,3.16,0.850941944761379,3,-1
37,"CC",NA,3.61,0.867187462853485,3,-2
37,"CC",NA,4.24,0.889931188182432,3,-3
37,"CC",NA,1.41,0.787764929958747,-1,-1
37,"CC",NA,2.24,0.817728885550853,-1,-2
37,"CC",NA,3.16,0.850941944761379,-1,-3
37,"CC",NA,2.24,0.817728885550853,-2,-1
37,"CC",NA,2.83,0.839028564827169,-2,-2
37,"CC",NA,3.61,0.867187462853485,-2,-3
37,"CC",NA,3.16,0.850941944761379,-3,-1
37,"CC",NA,3.61,0.867187462853485,-3,-2
37,"CC",NA,4.24,0.889931188182432,-3,-3
37,"CC",NA,1.41,0.787764929958747,-1,1
37,"CC",NA,2.24,0.817728885550853,-1,2
37,"CC",NA,3.16,0.850941944761379,-1,3
37,"CC",NA,2.24,0.817728885550853,-2,1
37,"CC",NA,2.83,0.839028564827169,-2,2
37,"CC",NA,3.61,0.867187462853485,-2,3
37,"CC",NA,3.16,0.850941944761379,-3,1
37,"CC",NA,3.61,0.867187462853485,-3,2
37,"CC",NA,4.24,0.889931188182432,-3,3
37,"OC",NA,1.41,0.808725464498221,1,1
37,"OC",NA,2.24,0.841051780287695,1,2
37,"OC",NA,3.16,0.876883359235064,1,3
37,"OC",NA,2.24,0.841051780287695,2,1
37,"OC",NA,2.83,0.864030727656116,2,2
37,"OC",NA,3.61,0.894409675024537,2,3
37,"OC",NA,3.16,0.876883359235064,3,1
37,"OC",NA,3.61,0.894409675024537,3,2
37,"OC",NA,4.24,0.918946517129801,3,3
37,"OC",NA,1.41,0.808725464498221,1,-1
37,"OC",NA,2.24,0.841051780287695,1,-2
37,"OC",NA,3.16,0.876883359235064,1,-3
37,"OC",NA,2.24,0.841051780287695,2,-1
37,"OC",NA,2.83,0.864030727656116,2,-2
37,"OC",NA,3.61,0.894409675024537,2,-3
37,"OC",NA,3.16,0.876883359235064,3,-1
37,"OC",NA,3.61,0.894409675024537,3,-2
37,"OC",NA,4.24,0.918946517129801,3,-3
37,"OC",NA,1.41,0.808725464498221,-1,-1
37,"OC",NA,2.24,0.841051780287695,-1,-2
37,"OC",NA,3.16,0.876883359235064,-1,-3
37,"OC",NA,2.24,0.841051780287695,-2,-1
37,"OC",NA,2.83,0.864030727656116,-2,-2
37,"OC",NA,3.61,0.894409675024537,-2,-3
37,"OC",NA,3.16,0.876883359235064,-3,-1
37,"OC",NA,3.61,0.894409675024537,-3,-2
37,"OC",NA,4.24,0.918946517129801,-3,-3
37,"OC",NA,1.41,0.808725464498221,-1,1
37,"OC",NA,2.24,0.841051780287695,-1,2
37,"OC",NA,3.16,0.876883359235064,-1,3
37,"OC",NA,2.24,0.841051780287695,-2,1
37,"OC",NA,2.83,0.864030727656116,-2,2
37,"OC",NA,3.61,0.894409675024537,-2,3
37,"OC",NA,3.16,0.876883359235064,-3,1
37,"OC",NA,3.61,0.894409675024537,-3,2
37,"OC",NA,4.24,0.918946517129801,-3,3
20,"CC",NA,1.41,0.740631718018018,1,1
20,"CC",NA,2.24,0.770595673610124,1,2
20,"CC",NA,3.16,0.803808732820651,1,3
20,"CC",NA,2.24,0.770595673610124,2,1
20,"CC",NA,2.83,0.79189535288644,2,2
20,"CC",NA,3.61,0.820054250912756,2,3
20,"CC",NA,3.16,0.803808732820651,3,1
20,"CC",NA,3.61,0.820054250912756,3,2
20,"CC",NA,4.24,0.842797976241704,3,3
20,"CC",NA,1.41,0.740631718018018,1,-1
20,"CC",NA,2.24,0.770595673610124,1,-2
20,"CC",NA,3.16,0.803808732820651,1,-3
20,"CC",NA,2.24,0.770595673610124,2,-1
20,"CC",NA,2.83,0.79189535288644,2,-2
20,"CC",NA,3.61,0.820054250912756,2,-3
20,"CC",NA,3.16,0.803808732820651,3,-1
20,"CC",NA,3.61,0.820054250912756,3,-2
20,"CC",NA,4.24,0.842797976241704,3,-3
20,"CC",NA,1.41,0.740631718018018,-1,-1
20,"CC",NA,2.24,0.770595673610124,-1,-2
20,"CC",NA,3.16,0.803808732820651,-1,-3
20,"CC",NA,2.24,0.770595673610124,-2,-1
20,"CC",NA,2.83,0.79189535288644,-2,-2
20,"CC",NA,3.61,0.820054250912756,-2,-3
20,"CC",NA,3.16,0.803808732820651,-3,-1
20,"CC",NA,3.61,0.820054250912756,-3,-2
20,"CC",NA,4.24,0.842797976241704,-3,-3
20,"CC",NA,1.41,0.740631718018018,-1,1
20,"CC",NA,2.24,0.770595673610124,-1,2
20,"CC",NA,3.16,0.803808732820651,-1,3
20,"CC",NA,2.24,0.770595673610124,-2,1
20,"CC",NA,2.83,0.79189535288644,-2,2
20,"CC",NA,3.61,0.820054250912756,-2,3
20,"CC",NA,3.16,0.803808732820651,-3,1
20,"CC",NA,3.61,0.820054250912756,-3,2
20,"CC",NA,4.24,0.842797976241704,-3,3
20,"OC",NA,1.41,0.761592252557493,1,1
20,"OC",NA,2.24,0.793918568346967,1,2
20,"OC",NA,3.16,0.829750147294335,1,3
20,"OC",NA,2.24,0.793918568346967,2,1
20,"OC",NA,2.83,0.816897515715388,2,2
20,"OC",NA,3.61,0.847276463083809,2,3
20,"OC",NA,3.16,0.829750147294335,3,1
20,"OC",NA,3.61,0.847276463083809,3,2
20,"OC",NA,4.24,0.871813305189072,3,3
20,"OC",NA,1.41,0.761592252557493,1,-1
20,"OC",NA,2.24,0.793918568346967,1,-2
20,"OC",NA,3.16,0.829750147294335,1,-3
20,"OC",NA,2.24,0.793918568346967,2,-1
20,"OC",NA,2.83,0.816897515715388,2,-2
20,"OC",NA,3.61,0.847276463083809,2,-3
20,"OC",NA,3.16,0.829750147294335,3,-1
20,"OC",NA,3.61,0.847276463083809,3,-2
20,"OC",NA,4.24,0.871813305189072,3,-3
20,"OC",NA,1.41,0.761592252557493,-1,-1
20,"OC",NA,2.24,0.793918568346967,-1,-2
20,"OC",NA,3.16,0.829750147294335,-1,-3
20,"OC",NA,2.24,0.793918568346967,-2,-1
20,"OC",NA,2.83,0.816897515715388,-2,-2
20,"OC",NA,3.61,0.847276463083809,-2,-3
20,"OC",NA,3.16,0.829750147294335,-3,-1
20,"OC",NA,3.61,0.847276463083809,-3,-2
20,"OC",NA,4.24,0.871813305189072,-3,-3
20,"OC",NA,1.41,0.761592252557493,-1,1
20,"OC",NA,2.24,0.793918568346967,-1,2
20,"OC",NA,3.16,0.829750147294335,-1,3
20,"OC",NA,2.24,0.793918568346967,-2,1
20,"OC",NA,2.83,0.816897515715388,-2,2
20,"OC",NA,3.61,0.847276463083809,-2,3
20,"OC",NA,3.16,0.829750147294335,-3,1
20,"OC",NA,3.61,0.847276463083809,-3,2
20,"OC",NA,4.24,0.871813305189072,-3,3
20,"CC",NA,1.41,0.740631718018018,1,1
20,"CC",NA,2.24,0.770595673610124,1,2
20,"CC",NA,3.16,0.803808732820651,1,3
20,"CC",NA,2.24,0.770595673610124,2,1
20,"CC",NA,2.83,0.79189535288644,2,2
20,"CC",NA,3.61,0.820054250912756,2,3
20,"CC",NA,3.16,0.803808732820651,3,1
20,"CC",NA,3.61,0.820054250912756,3,2
20,"CC",NA,4.24,0.842797976241704,3,3
20,"CC",NA,1.41,0.740631718018018,1,-1
20,"CC",NA,2.24,0.770595673610124,1,-2
20,"CC",NA,3.16,0.803808732820651,1,-3
20,"CC",NA,2.24,0.770595673610124,2,-1
20,"CC",NA,2.83,0.79189535288644,2,-2
20,"CC",NA,3.61,0.820054250912756,2,-3
20,"CC",NA,3.16,0.803808732820651,3,-1
20,"CC",NA,3.61,0.820054250912756,3,-2
20,"CC",NA,4.24,0.842797976241704,3,-3
20,"CC",NA,1.41,0.740631718018018,-1,-1
20,"CC",NA,2.24,0.770595673610124,-1,-2
20,"CC",NA,3.16,0.803808732820651,-1,-3
20,"CC",NA,2.24,0.770595673610124,-2,-1
20,"CC",NA,2.83,0.79189535288644,-2,-2
20,"CC",NA,3.61,0.820054250912756,-2,-3
20,"CC",NA,3.16,0.803808732820651,-3,-1
20,"CC",NA,3.61,0.820054250912756,-3,-2
20,"CC",NA,4.24,0.842797976241704,-3,-3
20,"CC",NA,1.41,0.740631718018018,-1,1
20,"CC",NA,2.24,0.770595673610124,-1,2
20,"CC",NA,3.16,0.803808732820651,-1,3
20,"CC",NA,2.24,0.770595673610124,-2,1
20,"CC",NA,2.83,0.79189535288644,-2,2
20,"CC",NA,3.61,0.820054250912756,-2,3
20,"CC",NA,3.16,0.803808732820651,-3,1
20,"CC",NA,3.61,0.820054250912756,-3,2
20,"CC",NA,4.24,0.842797976241704,-3,3
20,"OC",NA,1.41,0.761592252557493,1,1
20,"OC",NA,2.24,0.793918568346967,1,2
20,"OC",NA,3.16,0.829750147294335,1,3
20,"OC",NA,2.24,0.793918568346967,2,1
20,"OC",NA,2.83,0.816897515715388,2,2
20,"OC",NA,3.61,0.847276463083809,2,3
20,"OC",NA,3.16,0.829750147294335,3,1
20,"OC",NA,3.61,0.847276463083809,3,2
20,"OC",NA,4.24,0.871813305189072,3,3
20,"OC",NA,1.41,0.761592252557493,1,-1
20,"OC",NA,2.24,0.793918568346967,1,-2
20,"OC",NA,3.16,0.829750147294335,1,-3
20,"OC",NA,2.24,0.793918568346967,2,-1
20,"OC",NA,2.83,0.816897515715388,2,-2
20,"OC",NA,3.61,0.847276463083809,2,-3
20,"OC",NA,3.16,0.829750147294335,3,-1
20,"OC",NA,3.61,0.847276463083809,3,-2
20,"OC",NA,4.24,0.871813305189072,3,-3
20,"OC",NA,1.41,0.761592252557493,-1,-1
20,"OC",NA,2.24,0.793918568346967,-1,-2
20,"OC",NA,3.16,0.829750147294335,-1,-3
20,"OC",NA,2.24,0.793918568346967,-2,-1
20,"OC",NA,2.83,0.816897515715388,-2,-2
20,"OC",NA,3.61,0.847276463083809,-2,-3
20,"OC",NA,3.16,0.829750147294335,-3,-1
20,"OC",NA,3.61,0.847276463083809,-3,-2
20,"OC",NA,4.24,0.871813305189072,-3,-3
20,"OC",NA,1.41,0.761592252557493,-1,1
20,"OC",NA,2.24,0.793918568346967,-1,2
20,"OC",NA,3.16,0.829750147294335,-1,3
20,"OC",NA,2.24,0.793918568346967,-2,1
20,"OC",NA,2.83,0.816897515715388,-2,2
20,"OC",NA,3.61,0.847276463083809,-2,3
20,"OC",NA,3.16,0.829750147294335,-3,1
20,"OC",NA,3.61,0.847276463083809,-3,2
20,"OC",NA,4.24,0.871813305189072,-3,3
19,"CC",NA,1.41,0.639999506939528,1,1
19,"CC",NA,2.24,0.669963462531634,1,2
19,"CC",NA,3.16,0.70317652174216,1,3
19,"CC",NA,2.24,0.669963462531634,2,1
19,"CC",NA,2.83,0.69126314180795,2,2
19,"CC",NA,3.61,0.719422039834266,2,3
19,"CC",NA,3.16,0.70317652174216,3,1
19,"CC",NA,3.61,0.719422039834266,3,2
19,"CC",NA,4.24,0.742165765163213,3,3
19,"CC",NA,1.41,0.639999506939528,1,-1
19,"CC",NA,2.24,0.669963462531634,1,-2
19,"CC",NA,3.16,0.70317652174216,1,-3
19,"CC",NA,2.24,0.669963462531634,2,-1
19,"CC",NA,2.83,0.69126314180795,2,-2
19,"CC",NA,3.61,0.719422039834266,2,-3
19,"CC",NA,3.16,0.70317652174216,3,-1
19,"CC",NA,3.61,0.719422039834266,3,-2
19,"CC",NA,4.24,0.742165765163213,3,-3
19,"CC",NA,1.41,0.639999506939528,-1,-1
19,"CC",NA,2.24,0.669963462531634,-1,-2
19,"CC",NA,3.16,0.70317652174216,-1,-3
19,"CC",NA,2.24,0.669963462531634,-2,-1
19,"CC",NA,2.83,0.69126314180795,-2,-2
19,"CC",NA,3.61,0.719422039834266,-2,-3
19,"CC",NA,3.16,0.70317652174216,-3,-1
19,"CC",NA,3.61,0.719422039834266,-3,-2
19,"CC",NA,4.24,0.742165765163213,-3,-3
19,"CC",NA,1.41,0.639999506939528,-1,1
19,"CC",NA,2.24,0.669963462531634,-1,2
19,"CC",NA,3.16,0.70317652174216,-1,3
19,"CC",NA,2.24,0.669963462531634,-2,1
19,"CC",NA,2.83,0.69126314180795,-2,2
19,"CC",NA,3.61,0.719422039834266,-2,3
19,"CC",NA,3.16,0.70317652174216,-3,1
19,"CC",NA,3.61,0.719422039834266,-3,2
19,"CC",NA,4.24,0.742165765163213,-3,3
19,"OC",NA,1.41,0.660960041479002,1,1
19,"OC",NA,2.24,0.693286357268476,1,2
19,"OC",NA,3.16,0.729117936215845,1,3
19,"OC",NA,2.24,0.693286357268476,2,1
19,"OC",NA,2.83,0.716265304636897,2,2
19,"OC",NA,3.61,0.746644252005318,2,3
19,"OC",NA,3.16,0.729117936215845,3,1
19,"OC",NA,3.61,0.746644252005318,3,2
19,"OC",NA,4.24,0.771181094110581,3,3
19,"OC",NA,1.41,0.660960041479002,1,-1
19,"OC",NA,2.24,0.693286357268476,1,-2
19,"OC",NA,3.16,0.729117936215845,1,-3
19,"OC",NA,2.24,0.693286357268476,2,-1
19,"OC",NA,2.83,0.716265304636897,2,-2
19,"OC",NA,3.61,0.746644252005318,2,-3
19,"OC",NA,3.16,0.729117936215845,3,-1
19,"OC",NA,3.61,0.746644252005318,3,-2
19,"OC",NA,4.24,0.771181094110581,3,-3
19,"OC",NA,1.41,0.660960041479002,-1,-1
19,"OC",NA,2.24,0.693286357268476,-1,-2
19,"OC",NA,3.16,0.729117936215845,-1,-3
19,"OC",NA,2.24,0.693286357268476,-2,-1
19,"OC",NA,2.83,0.716265304636897,-2,-2
19,"OC",NA,3.61,0.746644252005318,-2,-3
19,"OC",NA,3.16,0.729117936215845,-3,-1
19,"OC",NA,3.61,0.746644252005318,-3,-2
19,"OC",NA,4.24,0.771181094110581,-3,-3
19,"OC",NA,1.41,0.660960041479002,-1,1
19,"OC",NA,2.24,0.693286357268476,-1,2
19,"OC",NA,3.16,0.729117936215845,-1,3
19,"OC",NA,2.24,0.693286357268476,-2,1
19,"OC",NA,2.83,0.716265304636897,-2,2
19,"OC",NA,3.61,0.746644252005318,-2,3
19,"OC",NA,3.16,0.729117936215845,-3,1
19,"OC",NA,3.61,0.746644252005318,-3,2
19,"OC",NA,4.24,0.771181094110581,-3,3
19,"CC",NA,1.41,0.639999506939528,1,1
19,"CC",NA,2.24,0.669963462531634,1,2
19,"CC",NA,3.16,0.70317652174216,1,3
19,"CC",NA,2.24,0.669963462531634,2,1
19,"CC",NA,2.83,0.69126314180795,2,2
19,"CC",NA,3.61,0.719422039834266,2,3
19,"CC",NA,3.16,0.70317652174216,3,1
19,"CC",NA,3.61,0.719422039834266,3,2
19,"CC",NA,4.24,0.742165765163213,3,3
19,"CC",NA,1.41,0.639999506939528,1,-1
19,"CC",NA,2.24,0.669963462531634,1,-2
19,"CC",NA,3.16,0.70317652174216,1,-3
19,"CC",NA,2.24,0.669963462531634,2,-1
19,"CC",NA,2.83,0.69126314180795,2,-2
19,"CC",NA,3.61,0.719422039834266,2,-3
19,"CC",NA,3.16,0.70317652174216,3,-1
19,"CC",NA,3.61,0.719422039834266,3,-2
19,"CC",NA,4.24,0.742165765163213,3,-3
19,"CC",NA,1.41,0.639999506939528,-1,-1
19,"CC",NA,2.24,0.669963462531634,-1,-2
19,"CC",NA,3.16,0.70317652174216,-1,-3
19,"CC",NA,2.24,0.669963462531634,-2,-1
19,"CC",NA,2.83,0.69126314180795,-2,-2
19,"CC",NA,3.61,0.719422039834266,-2,-3
19,"CC",NA,3.16,0.70317652174216,-3,-1
19,"CC",NA,3.61,0.719422039834266,-3,-2
19,"CC",NA,4.24,0.742165765163213,-3,-3
19,"CC",NA,1.41,0.639999506939528,-1,1
19,"CC",NA,2.24,0.669963462531634,-1,2
19,"CC",NA,3.16,0.70317652174216,-1,3
19,"CC",NA,2.24,0.669963462531634,-2,1
19,"CC",NA,2.83,0.69126314180795,-2,2
19,"CC",NA,3.61,0.719422039834266,-2,3
19,"CC",NA,3.16,0.70317652174216,-3,1
19,"CC",NA,3.61,0.719422039834266,-3,2
19,"CC",NA,4.24,0.742165765163213,-3,3
19,"OC",NA,1.41,0.660960041479002,1,1
19,"OC",NA,2.24,0.693286357268476,1,2
19,"OC",NA,3.16,0.729117936215845,1,3
19,"OC",NA,2.24,0.693286357268476,2,1
19,"OC",NA,2.83,0.716265304636897,2,2
19,"OC",NA,3.61,0.746644252005318,2,3
19,"OC",NA,3.16,0.729117936215845,3,1
19,"OC",NA,3.61,0.746644252005318,3,2
19,"OC",NA,4.24,0.771181094110581,3,3
19,"OC",NA,1.41,0.660960041479002,1,-1
19,"OC",NA,2.24,0.693286357268476,1,-2
19,"OC",NA,3.16,0.729117936215845,1,-3
19,"OC",NA,2.24,0.693286357268476,2,-1
19,"OC",NA,2.83,0.716265304636897,2,-2
19,"OC",NA,3.61,0.746644252005318,2,-3
19,"OC",NA,3.16,0.729117936215845,3,-1
19,"OC",NA,3.61,0.746644252005318,3,-2
19,"OC",NA,4.24,0.771181094110581,3,-3
19,"OC",NA,1.41,0.660960041479002,-1,-1
19,"OC",NA,2.24,0.693286357268476,-1,-2
19,"OC",NA,3.16,0.729117936215845,-1,-3
19,"OC",NA,2.24,0.693286357268476,-2,-1
19,"OC",NA,2.83,0.716265304636897,-2,-2
19,"OC",NA,3.61,0.746644252005318,-2,-3
19,"OC",NA,3.16,0.729117936215845,-3,-1
19,"OC",NA,3.61,0.746644252005318,-3,-2
19,"OC",NA,4.24,0.771181094110581,-3,-3
19,"OC",NA,1.41,0.660960041479002,-1,1
19,"OC",NA,2.24,0.693286357268476,-1,2
19,"OC",NA,3.16,0.729117936215845,-1,3
19,"OC",NA,2.24,0.693286357268476,-2,1
19,"OC",NA,2.83,0.716265304636897,-2,2
19,"OC",NA,3.61,0.746644252005318,-2,3
19,"OC",NA,3.16,0.729117936215845,-3,1
19,"OC",NA,3.61,0.746644252005318,-3,2
19,"OC",NA,4.24,0.771181094110581,-3,3
18,"CC",NA,1.41,0.759729079609118,1,1
18,"CC",NA,2.24,0.789693035201224,1,2
18,"CC",NA,3.16,0.822906094411751,1,3
18,"CC",NA,2.24,0.789693035201224,2,1
18,"CC",NA,2.83,0.81099271447754,2,2
18,"CC",NA,3.61,0.839151612503856,2,3
18,"CC",NA,3.16,0.822906094411751,3,1
18,"CC",NA,3.61,0.839151612503856,3,2
18,"CC",NA,4.24,0.861895337832804,3,3
18,"CC",NA,1.41,0.759729079609118,1,-1
18,"CC",NA,2.24,0.789693035201224,1,-2
18,"CC",NA,3.16,0.822906094411751,1,-3
18,"CC",NA,2.24,0.789693035201224,2,-1
18,"CC",NA,2.83,0.81099271447754,2,-2
18,"CC",NA,3.61,0.839151612503856,2,-3
18,"CC",NA,3.16,0.822906094411751,3,-1
18,"CC",NA,3.61,0.839151612503856,3,-2
18,"CC",NA,4.24,0.861895337832804,3,-3
18,"CC",NA,1.41,0.759729079609118,-1,-1
18,"CC",NA,2.24,0.789693035201224,-1,-2
18,"CC",NA,3.16,0.822906094411751,-1,-3
18,"CC",NA,2.24,0.789693035201224,-2,-1
18,"CC",NA,2.83,0.81099271447754,-2,-2
18,"CC",NA,3.61,0.839151612503856,-2,-3
18,"CC",NA,3.16,0.822906094411751,-3,-1
18,"CC",NA,3.61,0.839151612503856,-3,-2
18,"CC",NA,4.24,0.861895337832804,-3,-3
18,"CC",NA,1.41,0.759729079609118,-1,1
18,"CC",NA,2.24,0.789693035201224,-1,2
18,"CC",NA,3.16,0.822906094411751,-1,3
18,"CC",NA,2.24,0.789693035201224,-2,1
18,"CC",NA,2.83,0.81099271447754,-2,2
18,"CC",NA,3.61,0.839151612503856,-2,3
18,"CC",NA,3.16,0.822906094411751,-3,1
18,"CC",NA,3.61,0.839151612503856,-3,2
18,"CC",NA,4.24,0.861895337832804,-3,3
18,"OC",NA,1.41,0.780689614148593,1,1
18,"OC",NA,2.24,0.813015929938066,1,2
18,"OC",NA,3.16,0.848847508885435,1,3
18,"OC",NA,2.24,0.813015929938066,2,1
18,"OC",NA,2.83,0.835994877306488,2,2
18,"OC",NA,3.61,0.866373824674909,2,3
18,"OC",NA,3.16,0.848847508885435,3,1
18,"OC",NA,3.61,0.866373824674909,3,2
18,"OC",NA,4.24,0.890910666780172,3,3
18,"OC",NA,1.41,0.780689614148593,1,-1
18,"OC",NA,2.24,0.813015929938066,1,-2
18,"OC",NA,3.16,0.848847508885435,1,-3
18,"OC",NA,2.24,0.813015929938066,2,-1
18,"OC",NA,2.83,0.835994877306488,2,-2
18,"OC",NA,3.61,0.866373824674909,2,-3
18,"OC",NA,3.16,0.848847508885435,3,-1
18,"OC",NA,3.61,0.866373824674909,3,-2
18,"OC",NA,4.24,0.890910666780172,3,-3
18,"OC",NA,1.41,0.780689614148593,-1,-1
18,"OC",NA,2.24,0.813015929938066,-1,-2
18,"OC",NA,3.16,0.848847508885435,-1,-3
18,"OC",NA,2.24,0.813015929938066,-2,-1
18,"OC",NA,2.83,0.835994877306488,-2,-2
18,"OC",NA,3.61,0.866373824674909,-2,-3
18,"OC",NA,3.16,0.848847508885435,-3,-1
18,"OC",NA,3.61,0.866373824674909,-3,-2
18,"OC",NA,4.24,0.890910666780172,-3,-3
18,"OC",NA,1.41,0.780689614148593,-1,1
18,"OC",NA,2.24,0.813015929938066,-1,2
18,"OC",NA,3.16,0.848847508885435,-1,3
18,"OC",NA,2.24,0.813015929938066,-2,1
18,"OC",NA,2.83,0.835994877306488,-2,2
18,"OC",NA,3.61,0.866373824674909,-2,3
18,"OC",NA,3.16,0.848847508885435,-3,1
18,"OC",NA,3.61,0.866373824674909,-3,2
18,"OC",NA,4.24,0.890910666780172,-3,3
18,"CC",NA,1.41,0.759729079609118,1,1
18,"CC",NA,2.24,0.789693035201224,1,2
18,"CC",NA,3.16,0.822906094411751,1,3
18,"CC",NA,2.24,0.789693035201224,2,1
18,"CC",NA,2.83,0.81099271447754,2,2
18,"CC",NA,3.61,0.839151612503856,2,3
18,"CC",NA,3.16,0.822906094411751,3,1
18,"CC",NA,3.61,0.839151612503856,3,2
18,"CC",NA,4.24,0.861895337832804,3,3
18,"CC",NA,1.41,0.759729079609118,1,-1
18,"CC",NA,2.24,0.789693035201224,1,-2
18,"CC",NA,3.16,0.822906094411751,1,-3
18,"CC",NA,2.24,0.789693035201224,2,-1
18,"CC",NA,2.83,0.81099271447754,2,-2
18,"CC",NA,3.61,0.839151612503856,2,-3
18,"CC",NA,3.16,0.822906094411751,3,-1
18,"CC",NA,3.61,0.839151612503856,3,-2
18,"CC",NA,4.24,0.861895337832804,3,-3
18,"CC",NA,1.41,0.759729079609118,-1,-1
18,"CC",NA,2.24,0.789693035201224,-1,-2
18,"CC",NA,3.16,0.822906094411751,-1,-3
18,"CC",NA,2.24,0.789693035201224,-2,-1
18,"CC",NA,2.83,0.81099271447754,-2,-2
18,"CC",NA,3.61,0.839151612503856,-2,-3
18,"CC",NA,3.16,0.822906094411751,-3,-1
18,"CC",NA,3.61,0.839151612503856,-3,-2
18,"CC",NA,4.24,0.861895337832804,-3,-3
18,"CC",NA,1.41,0.759729079609118,-1,1
18,"CC",NA,2.24,0.789693035201224,-1,2
18,"CC",NA,3.16,0.822906094411751,-1,3
18,"CC",NA,2.24,0.789693035201224,-2,1
18,"CC",NA,2.83,0.81099271447754,-2,2
18,"CC",NA,3.61,0.839151612503856,-2,3
18,"CC",NA,3.16,0.822906094411751,-3,1
18,"CC",NA,3.61,0.839151612503856,-3,2
18,"CC",NA,4.24,0.861895337832804,-3,3
18,"OC",NA,1.41,0.780689614148593,1,1
18,"OC",NA,2.24,0.813015929938066,1,2
18,"OC",NA,3.16,0.848847508885435,1,3
18,"OC",NA,2.24,0.813015929938066,2,1
18,"OC",NA,2.83,0.835994877306488,2,2
18,"OC",NA,3.61,0.866373824674909,2,3
18,"OC",NA,3.16,0.848847508885435,3,1
18,"OC",NA,3.61,0.866373824674909,3,2
18,"OC",NA,4.24,0.890910666780172,3,3
18,"OC",NA,1.41,0.780689614148593,1,-1
18,"OC",NA,2.24,0.813015929938066,1,-2
18,"OC",NA,3.16,0.848847508885435,1,-3
18,"OC",NA,2.24,0.813015929938066,2,-1
18,"OC",NA,2.83,0.835994877306488,2,-2
18,"OC",NA,3.61,0.866373824674909,2,-3
18,"OC",NA,3.16,0.848847508885435,3,-1
18,"OC",NA,3.61,0.866373824674909,3,-2
18,"OC",NA,4.24,0.890910666780172,3,-3
18,"OC",NA,1.41,0.780689614148593,-1,-1
18,"OC",NA,2.24,0.813015929938066,-1,-2
18,"OC",NA,3.16,0.848847508885435,-1,-3
18,"OC",NA,2.24,0.813015929938066,-2,-1
18,"OC",NA,2.83,0.835994877306488,-2,-2
18,"OC",NA,3.61,0.866373824674909,-2,-3
18,"OC",NA,3.16,0.848847508885435,-3,-1
18,"OC",NA,3.61,0.866373824674909,-3,-2
18,"OC",NA,4.24,0.890910666780172,-3,-3
18,"OC",NA,1.41,0.780689614148593,-1,1
18,"OC",NA,2.24,0.813015929938066,-1,2
18,"OC",NA,3.16,0.848847508885435,-1,3
18,"OC",NA,2.24,0.813015929938066,-2,1
18,"OC",NA,2.83,0.835994877306488,-2,2
18,"OC",NA,3.61,0.866373824674909,-2,3
18,"OC",NA,3.16,0.848847508885435,-3,1
18,"OC",NA,3.61,0.866373824674909,-3,2
18,"OC",NA,4.24,0.890910666780172,-3,3
11,"CC",NA,1.41,0.681558532163683,1,1
11,"CC",NA,2.24,0.711522487755789,1,2
11,"CC",NA,3.16,0.744735546966316,1,3
11,"CC",NA,2.24,0.711522487755789,2,1
11,"CC",NA,2.83,0.732822167032105,2,2
11,"CC",NA,3.61,0.760981065058421,2,3
11,"CC",NA,3.16,0.744735546966316,3,1
11,"CC",NA,3.61,0.760981065058421,3,2
11,"CC",NA,4.24,0.783724790387369,3,3
11,"CC",NA,1.41,0.681558532163683,1,-1
11,"CC",NA,2.24,0.711522487755789,1,-2
11,"CC",NA,3.16,0.744735546966316,1,-3
11,"CC",NA,2.24,0.711522487755789,2,-1
11,"CC",NA,2.83,0.732822167032105,2,-2
11,"CC",NA,3.61,0.760981065058421,2,-3
11,"CC",NA,3.16,0.744735546966316,3,-1
11,"CC",NA,3.61,0.760981065058421,3,-2
11,"CC",NA,4.24,0.783724790387369,3,-3
11,"CC",NA,1.41,0.681558532163683,-1,-1
11,"CC",NA,2.24,0.711522487755789,-1,-2
11,"CC",NA,3.16,0.744735546966316,-1,-3
11,"CC",NA,2.24,0.711522487755789,-2,-1
11,"CC",NA,2.83,0.732822167032105,-2,-2
11,"CC",NA,3.61,0.760981065058421,-2,-3
11,"CC",NA,3.16,0.744735546966316,-3,-1
11,"CC",NA,3.61,0.760981065058421,-3,-2
11,"CC",NA,4.24,0.783724790387369,-3,-3
11,"CC",NA,1.41,0.681558532163683,-1,1
11,"CC",NA,2.24,0.711522487755789,-1,2
11,"CC",NA,3.16,0.744735546966316,-1,3
11,"CC",NA,2.24,0.711522487755789,-2,1
11,"CC",NA,2.83,0.732822167032105,-2,2
11,"CC",NA,3.61,0.760981065058421,-2,3
11,"CC",NA,3.16,0.744735546966316,-3,1
11,"CC",NA,3.61,0.760981065058421,-3,2
11,"CC",NA,4.24,0.783724790387369,-3,3
11,"OC",NA,1.41,0.702519066703158,1,1
11,"OC",NA,2.24,0.734845382492631,1,2
11,"OC",NA,3.16,0.77067696144,1,3
11,"OC",NA,2.24,0.734845382492631,2,1
11,"OC",NA,2.83,0.757824329861053,2,2
11,"OC",NA,3.61,0.788203277229474,2,3
11,"OC",NA,3.16,0.77067696144,3,1
11,"OC",NA,3.61,0.788203277229474,3,2
11,"OC",NA,4.24,0.812740119334737,3,3
11,"OC",NA,1.41,0.702519066703158,1,-1
11,"OC",NA,2.24,0.734845382492631,1,-2
11,"OC",NA,3.16,0.77067696144,1,-3
11,"OC",NA,2.24,0.734845382492631,2,-1
11,"OC",NA,2.83,0.757824329861053,2,-2
11,"OC",NA,3.61,0.788203277229474,2,-3
11,"OC",NA,3.16,0.77067696144,3,-1
11,"OC",NA,3.61,0.788203277229474,3,-2
11,"OC",NA,4.24,0.812740119334737,3,-3
11,"OC",NA,1.41,0.702519066703158,-1,-1
11,"OC",NA,2.24,0.734845382492631,-1,-2
11,"OC",NA,3.16,0.77067696144,-1,-3
11,"OC",NA,2.24,0.734845382492631,-2,-1
11,"OC",NA,2.83,0.757824329861053,-2,-2
11,"OC",NA,3.61,0.788203277229474,-2,-3
11,"OC",NA,3.16,0.77067696144,-3,-1
11,"OC",NA,3.61,0.788203277229474,-3,-2
11,"OC",NA,4.24,0.812740119334737,-3,-3
11,"OC",NA,1.41,0.702519066703158,-1,1
11,"OC",NA,2.24,0.734845382492631,-1,2
11,"OC",NA,3.16,0.77067696144,-1,3
11,"OC",NA,2.24,0.734845382492631,-2,1
11,"OC",NA,2.83,0.757824329861053,-2,2
11,"OC",NA,3.61,0.788203277229474,-2,3
11,"OC",NA,3.16,0.77067696144,-3,1
11,"OC",NA,3.61,0.788203277229474,-3,2
11,"OC",NA,4.24,0.812740119334737,-3,3
11,"CC",NA,1.41,0.681558532163683,1,1
11,"CC",NA,2.24,0.711522487755789,1,2
11,"CC",NA,3.16,0.744735546966316,1,3
11,"CC",NA,2.24,0.711522487755789,2,1
11,"CC",NA,2.83,0.732822167032105,2,2
11,"CC",NA,3.61,0.760981065058421,2,3
11,"CC",NA,3.16,0.744735546966316,3,1
11,"CC",NA,3.61,0.760981065058421,3,2
11,"CC",NA,4.24,0.783724790387369,3,3
11,"CC",NA,1.41,0.681558532163683,1,-1
11,"CC",NA,2.24,0.711522487755789,1,-2
11,"CC",NA,3.16,0.744735546966316,1,-3
11,"CC",NA,2.24,0.711522487755789,2,-1
11,"CC",NA,2.83,0.732822167032105,2,-2
11,"CC",NA,3.61,0.760981065058421,2,-3
11,"CC",NA,3.16,0.744735546966316,3,-1
11,"CC",NA,3.61,0.760981065058421,3,-2
11,"CC",NA,4.24,0.783724790387369,3,-3
11,"CC",NA,1.41,0.681558532163683,-1,-1
11,"CC",NA,2.24,0.711522487755789,-1,-2
11,"CC",NA,3.16,0.744735546966316,-1,-3
11,"CC",NA,2.24,0.711522487755789,-2,-1
11,"CC",NA,2.83,0.732822167032105,-2,-2
11,"CC",NA,3.61,0.760981065058421,-2,-3
11,"CC",NA,3.16,0.744735546966316,-3,-1
11,"CC",NA,3.61,0.760981065058421,-3,-2
11,"CC",NA,4.24,0.783724790387369,-3,-3
11,"CC",NA,1.41,0.681558532163683,-1,1
11,"CC",NA,2.24,0.711522487755789,-1,2
11,"CC",NA,3.16,0.744735546966316,-1,3
11,"CC",NA,2.24,0.711522487755789,-2,1
11,"CC",NA,2.83,0.732822167032105,-2,2
11,"CC",NA,3.61,0.760981065058421,-2,3
11,"CC",NA,3.16,0.744735546966316,-3,1
11,"CC",NA,3.61,0.760981065058421,-3,2
11,"CC",NA,4.24,0.783724790387369,-3,3
11,"OC",NA,1.41,0.702519066703158,1,1
11,"OC",NA,2.24,0.734845382492631,1,2
11,"OC",NA,3.16,0.77067696144,1,3
11,"OC",NA,2.24,0.734845382492631,2,1
11,"OC",NA,2.83,0.757824329861053,2,2
11,"OC",NA,3.61,0.788203277229474,2,3
11,"OC",NA,3.16,0.77067696144,3,1
11,"OC",NA,3.61,0.788203277229474,3,2
11,"OC",NA,4.24,0.812740119334737,3,3
11,"OC",NA,1.41,0.702519066703158,1,-1
11,"OC",NA,2.24,0.734845382492631,1,-2
11,"OC",NA,3.16,0.77067696144,1,-3
11,"OC",NA,2.24,0.734845382492631,2,-1
11,"OC",NA,2.83,0.757824329861053,2,-2
11,"OC",NA,3.61,0.788203277229474,2,-3
11,"OC",NA,3.16,0.77067696144,3,-1
11,"OC",NA,3.61,0.788203277229474,3,-2
11,"OC",NA,4.24,0.812740119334737,3,-3
11,"OC",NA,1.41,0.702519066703158,-1,-1
11,"OC",NA,2.24,0.734845382492631,-1,-2
11,"OC",NA,3.16,0.77067696144,-1,-3
11,"OC",NA,2.24,0.734845382492631,-2,-1
11,"OC",NA,2.83,0.757824329861053,-2,-2
11,"OC",NA,3.61,0.788203277229474,-2,-3
11,"OC",NA,3.16,0.77067696144,-3,-1
11,"OC",NA,3.61,0.788203277229474,-3,-2
11,"OC",NA,4.24,0.812740119334737,-3,-3
11,"OC",NA,1.41,0.702519066703158,-1,1
11,"OC",NA,2.24,0.734845382492631,-1,2
11,"OC",NA,3.16,0.77067696144,-1,3
11,"OC",NA,2.24,0.734845382492631,-2,1
11,"OC",NA,2.83,0.757824329861053,-2,2
11,"OC",NA,3.61,0.788203277229474,-2,3
11,"OC",NA,3.16,0.77067696144,-3,1
11,"OC",NA,3.61,0.788203277229474,-3,2
11,"OC",NA,4.24,0.812740119334737,-3,3
5,"CC",NA,1.41,0.638020505738378,1,1
5,"CC",NA,2.24,0.667984461330483,1,2
5,"CC",NA,3.16,0.70119752054101,1,3
5,"CC",NA,2.24,0.667984461330483,2,1
5,"CC",NA,2.83,0.689284140606799,2,2
5,"CC",NA,3.61,0.717443038633116,2,3
5,"CC",NA,3.16,0.70119752054101,3,1
5,"CC",NA,3.61,0.717443038633116,3,2
5,"CC",NA,4.24,0.740186763962063,3,3
5,"CC",NA,1.41,0.638020505738378,1,-1
5,"CC",NA,2.24,0.667984461330483,1,-2
5,"CC",NA,3.16,0.70119752054101,1,-3
5,"CC",NA,2.24,0.667984461330483,2,-1
5,"CC",NA,2.83,0.689284140606799,2,-2
5,"CC",NA,3.61,0.717443038633116,2,-3
5,"CC",NA,3.16,0.70119752054101,3,-1
5,"CC",NA,3.61,0.717443038633116,3,-2
5,"CC",NA,4.24,0.740186763962063,3,-3
5,"CC",NA,1.41,0.638020505738378,-1,-1
5,"CC",NA,2.24,0.667984461330483,-1,-2
5,"CC",NA,3.16,0.70119752054101,-1,-3
5,"CC",NA,2.24,0.667984461330483,-2,-1
5,"CC",NA,2.83,0.689284140606799,-2,-2
5,"CC",NA,3.61,0.717443038633116,-2,-3
5,"CC",NA,3.16,0.70119752054101,-3,-1
5,"CC",NA,3.61,0.717443038633116,-3,-2
5,"CC",NA,4.24,0.740186763962063,-3,-3
5,"CC",NA,1.41,0.638020505738378,-1,1
5,"CC",NA,2.24,0.667984461330483,-1,2
5,"CC",NA,3.16,0.70119752054101,-1,3
5,"CC",NA,2.24,0.667984461330483,-2,1
5,"CC",NA,2.83,0.689284140606799,-2,2
5,"CC",NA,3.61,0.717443038633116,-2,3
5,"CC",NA,3.16,0.70119752054101,-3,1
5,"CC",NA,3.61,0.717443038633116,-3,2
5,"CC",NA,4.24,0.740186763962063,-3,3
5,"OC",NA,1.41,0.658981040277852,1,1
5,"OC",NA,2.24,0.691307356067326,1,2
5,"OC",NA,3.16,0.727138935014694,1,3
5,"OC",NA,2.24,0.691307356067326,2,1
5,"OC",NA,2.83,0.714286303435747,2,2
5,"OC",NA,3.61,0.744665250804168,2,3
5,"OC",NA,3.16,0.727138935014694,3,1
5,"OC",NA,3.61,0.744665250804168,3,2
5,"OC",NA,4.24,0.769202092909431,3,3
5,"OC",NA,1.41,0.658981040277852,1,-1
5,"OC",NA,2.24,0.691307356067326,1,-2
5,"OC",NA,3.16,0.727138935014694,1,-3
5,"OC",NA,2.24,0.691307356067326,2,-1
5,"OC",NA,2.83,0.714286303435747,2,-2
5,"OC",NA,3.61,0.744665250804168,2,-3
5,"OC",NA,3.16,0.727138935014694,3,-1
5,"OC",NA,3.61,0.744665250804168,3,-2
5,"OC",NA,4.24,0.769202092909431,3,-3
5,"OC",NA,1.41,0.658981040277852,-1,-1
5,"OC",NA,2.24,0.691307356067326,-1,-2
5,"OC",NA,3.16,0.727138935014694,-1,-3
5,"OC",NA,2.24,0.691307356067326,-2,-1
5,"OC",NA,2.83,0.714286303435747,-2,-2
5,"OC",NA,3.61,0.744665250804168,-2,-3
5,"OC",NA,3.16,0.727138935014694,-3,-1
5,"OC",NA,3.61,0.744665250804168,-3,-2
5,"OC",NA,4.24,0.769202092909431,-3,-3
5,"OC",NA,1.41,0.658981040277852,-1,1
5,"OC",NA,2.24,0.691307356067326,-1,2
5,"OC",NA,3.16,0.727138935014694,-1,3
5,"OC",NA,2.24,0.691307356067326,-2,1
5,"OC",NA,2.83,0.714286303435747,-2,2
5,"OC",NA,3.61,0.744665250804168,-2,3
5,"OC",NA,3.16,0.727138935014694,-3,1
5,"OC",NA,3.61,0.744665250804168,-3,2
5,"OC",NA,4.24,0.769202092909431,-3,3
5,"CC",NA,1.41,0.638020505738378,1,1
5,"CC",NA,2.24,0.667984461330483,1,2
5,"CC",NA,3.16,0.70119752054101,1,3
5,"CC",NA,2.24,0.667984461330483,2,1
5,"CC",NA,2.83,0.689284140606799,2,2
5,"CC",NA,3.61,0.717443038633116,2,3
5,"CC",NA,3.16,0.70119752054101,3,1
5,"CC",NA,3.61,0.717443038633116,3,2
5,"CC",NA,4.24,0.740186763962063,3,3
5,"CC",NA,1.41,0.638020505738378,1,-1
5,"CC",NA,2.24,0.667984461330483,1,-2
5,"CC",NA,3.16,0.70119752054101,1,-3
5,"CC",NA,2.24,0.667984461330483,2,-1
5,"CC",NA,2.83,0.689284140606799,2,-2
5,"CC",NA,3.61,0.717443038633116,2,-3
5,"CC",NA,3.16,0.70119752054101,3,-1
5,"CC",NA,3.61,0.717443038633116,3,-2
5,"CC",NA,4.24,0.740186763962063,3,-3
5,"CC",NA,1.41,0.638020505738378,-1,-1
5,"CC",NA,2.24,0.667984461330483,-1,-2
5,"CC",NA,3.16,0.70119752054101,-1,-3
5,"CC",NA,2.24,0.667984461330483,-2,-1
5,"CC",NA,2.83,0.689284140606799,-2,-2
5,"CC",NA,3.61,0.717443038633116,-2,-3
5,"CC",NA,3.16,0.70119752054101,-3,-1
5,"CC",NA,3.61,0.717443038633116,-3,-2
5,"CC",NA,4.24,0.740186763962063,-3,-3
5,"CC",NA,1.41,0.638020505738378,-1,1
5,"CC",NA,2.24,0.667984461330483,-1,2
5,"CC",NA,3.16,0.70119752054101,-1,3
5,"CC",NA,2.24,0.667984461330483,-2,1
5,"CC",NA,2.83,0.689284140606799,-2,2
5,"CC",NA,3.61,0.717443038633116,-2,3
5,"CC",NA,3.16,0.70119752054101,-3,1
5,"CC",NA,3.61,0.717443038633116,-3,2
5,"CC",NA,4.24,0.740186763962063,-3,3
5,"OC",NA,1.41,0.658981040277852,1,1
5,"OC",NA,2.24,0.691307356067326,1,2
5,"OC",NA,3.16,0.727138935014694,1,3
5,"OC",NA,2.24,0.691307356067326,2,1
5,"OC",NA,2.83,0.714286303435747,2,2
5,"OC",NA,3.61,0.744665250804168,2,3
5,"OC",NA,3.16,0.727138935014694,3,1
5,"OC",NA,3.61,0.744665250804168,3,2
5,"OC",NA,4.24,0.769202092909431,3,3
5,"OC",NA,1.41,0.658981040277852,1,-1
5,"OC",NA,2.24,0.691307356067326,1,-2
5,"OC",NA,3.16,0.727138935014694,1,-3
5,"OC",NA,2.24,0.691307356067326,2,-1
5,"OC",NA,2.83,0.714286303435747,2,-2
5,"OC",NA,3.61,0.744665250804168,2,-3
5,"OC",NA,3.16,0.727138935014694,3,-1
5,"OC",NA,3.61,0.744665250804168,3,-2
5,"OC",NA,4.24,0.769202092909431,3,-3
5,"OC",NA,1.41,0.658981040277852,-1,-1
5,"OC",NA,2.24,0.691307356067326,-1,-2
5,"OC",NA,3.16,0.727138935014694,-1,-3
5,"OC",NA,2.24,0.691307356067326,-2,-1
5,"OC",NA,2.83,0.714286303435747,-2,-2
5,"OC",NA,3.61,0.744665250804168,-2,-3
5,"OC",NA,3.16,0.727138935014694,-3,-1
5,"OC",NA,3.61,0.744665250804168,-3,-2
5,"OC",NA,4.24,0.769202092909431,-3,-3
5,"OC",NA,1.41,0.658981040277852,-1,1
5,"OC",NA,2.24,0.691307356067326,-1,2
5,"OC",NA,3.16,0.727138935014694,-1,3
5,"OC",NA,2.24,0.691307356067326,-2,1
5,"OC",NA,2.83,0.714286303435747,-2,2
5,"OC",NA,3.61,0.744665250804168,-2,3
5,"OC",NA,3.16,0.727138935014694,-3,1
5,"OC",NA,3.61,0.744665250804168,-3,2
5,"OC",NA,4.24,0.769202092909431,-3,3
4,"CC",NA,1.41,0.793701933562198,1,1
4,"CC",NA,2.24,0.823665889154303,1,2
4,"CC",NA,3.16,0.85687894836483,1,3
4,"CC",NA,2.24,0.823665889154303,2,1
4,"CC",NA,2.83,0.84496556843062,2,2
4,"CC",NA,3.61,0.873124466456936,2,3
4,"CC",NA,3.16,0.85687894836483,3,1
4,"CC",NA,3.61,0.873124466456936,3,2
4,"CC",NA,4.24,0.895868191785883,3,3
4,"CC",NA,1.41,0.793701933562198,1,-1
4,"CC",NA,2.24,0.823665889154303,1,-2
4,"CC",NA,3.16,0.85687894836483,1,-3
4,"CC",NA,2.24,0.823665889154303,2,-1
4,"CC",NA,2.83,0.84496556843062,2,-2
4,"CC",NA,3.61,0.873124466456936,2,-3
4,"CC",NA,3.16,0.85687894836483,3,-1
4,"CC",NA,3.61,0.873124466456936,3,-2
4,"CC",NA,4.24,0.895868191785883,3,-3
4,"CC",NA,1.41,0.793701933562198,-1,-1
4,"CC",NA,2.24,0.823665889154303,-1,-2
4,"CC",NA,3.16,0.85687894836483,-1,-3
4,"CC",NA,2.24,0.823665889154303,-2,-1
4,"CC",NA,2.83,0.84496556843062,-2,-2
4,"CC",NA,3.61,0.873124466456936,-2,-3
4,"CC",NA,3.16,0.85687894836483,-3,-1
4,"CC",NA,3.61,0.873124466456936,-3,-2
4,"CC",NA,4.24,0.895868191785883,-3,-3
4,"CC",NA,1.41,0.793701933562198,-1,1
4,"CC",NA,2.24,0.823665889154303,-1,2
4,"CC",NA,3.16,0.85687894836483,-1,3
4,"CC",NA,2.24,0.823665889154303,-2,1
4,"CC",NA,2.83,0.84496556843062,-2,2
4,"CC",NA,3.61,0.873124466456936,-2,3
4,"CC",NA,3.16,0.85687894836483,-3,1
4,"CC",NA,3.61,0.873124466456936,-3,2
4,"CC",NA,4.24,0.895868191785883,-3,3
4,"OC",NA,1.41,0.814662468101672,1,1
4,"OC",NA,2.24,0.846988783891146,1,2
4,"OC",NA,3.16,0.882820362838514,1,3
4,"OC",NA,2.24,0.846988783891146,2,1
4,"OC",NA,2.83,0.869967731259567,2,2
4,"OC",NA,3.61,0.900346678627988,2,3
4,"OC",NA,3.16,0.882820362838514,3,1
4,"OC",NA,3.61,0.900346678627988,3,2
4,"OC",NA,4.24,0.924883520733251,3,3
4,"OC",NA,1.41,0.814662468101672,1,-1
4,"OC",NA,2.24,0.846988783891146,1,-2
4,"OC",NA,3.16,0.882820362838514,1,-3
4,"OC",NA,2.24,0.846988783891146,2,-1
4,"OC",NA,2.83,0.869967731259567,2,-2
4,"OC",NA,3.61,0.900346678627988,2,-3
4,"OC",NA,3.16,0.882820362838514,3,-1
4,"OC",NA,3.61,0.900346678627988,3,-2
4,"OC",NA,4.24,0.924883520733251,3,-3
4,"OC",NA,1.41,0.814662468101672,-1,-1
4,"OC",NA,2.24,0.846988783891146,-1,-2
4,"OC",NA,3.16,0.882820362838514,-1,-3
4,"OC",NA,2.24,0.846988783891146,-2,-1
4,"OC",NA,2.83,0.869967731259567,-2,-2
4,"OC",NA,3.61,0.900346678627988,-2,-3
4,"OC",NA,3.16,0.882820362838514,-3,-1
4,"OC",NA,3.61,0.900346678627988,-3,-2
4,"OC",NA,4.24,0.924883520733251,-3,-3
4,"OC",NA,1.41,0.814662468101672,-1,1
4,"OC",NA,2.24,0.846988783891146,-1,2
4,"OC",NA,3.16,0.882820362838514,-1,3
4,"OC",NA,2.24,0.846988783891146,-2,1
4,"OC",NA,2.83,0.869967731259567,-2,2
4,"OC",NA,3.61,0.900346678627988,-2,3
4,"OC",NA,3.16,0.882820362838514,-3,1
4,"OC",NA,3.61,0.900346678627988,-3,2
4,"OC",NA,4.24,0.924883520733251,-3,3
4,"CC",NA,1.41,0.793701933562198,1,1
4,"CC",NA,2.24,0.823665889154303,1,2
4,"CC",NA,3.16,0.85687894836483,1,3
4,"CC",NA,2.24,0.823665889154303,2,1
4,"CC",NA,2.83,0.84496556843062,2,2
4,"CC",NA,3.61,0.873124466456936,2,3
4,"CC",NA,3.16,0.85687894836483,3,1
4,"CC",NA,3.61,0.873124466456936,3,2
4,"CC",NA,4.24,0.895868191785883,3,3
4,"CC",NA,1.41,0.793701933562198,1,-1
4,"CC",NA,2.24,0.823665889154303,1,-2
4,"CC",NA,3.16,0.85687894836483,1,-3
4,"CC",NA,2.24,0.823665889154303,2,-1
4,"CC",NA,2.83,0.84496556843062,2,-2
4,"CC",NA,3.61,0.873124466456936,2,-3
4,"CC",NA,3.16,0.85687894836483,3,-1
4,"CC",NA,3.61,0.873124466456936,3,-2
4,"CC",NA,4.24,0.895868191785883,3,-3
4,"CC",NA,1.41,0.793701933562198,-1,-1
4,"CC",NA,2.24,0.823665889154303,-1,-2
4,"CC",NA,3.16,0.85687894836483,-1,-3
4,"CC",NA,2.24,0.823665889154303,-2,-1
4,"CC",NA,2.83,0.84496556843062,-2,-2
4,"CC",NA,3.61,0.873124466456936,-2,-3
4,"CC",NA,3.16,0.85687894836483,-3,-1
4,"CC",NA,3.61,0.873124466456936,-3,-2
4,"CC",NA,4.24,0.895868191785883,-3,-3
4,"CC",NA,1.41,0.793701933562198,-1,1
4,"CC",NA,2.24,0.823665889154303,-1,2
4,"CC",NA,3.16,0.85687894836483,-1,3
4,"CC",NA,2.24,0.823665889154303,-2,1
4,"CC",NA,2.83,0.84496556843062,-2,2
4,"CC",NA,3.61,0.873124466456936,-2,3
4,"CC",NA,3.16,0.85687894836483,-3,1
4,"CC",NA,3.61,0.873124466456936,-3,2
4,"CC",NA,4.24,0.895868191785883,-3,3
4,"OC",NA,1.41,0.814662468101672,1,1
4,"OC",NA,2.24,0.846988783891146,1,2
4,"OC",NA,3.16,0.882820362838514,1,3
4,"OC",NA,2.24,0.846988783891146,2,1
4,"OC",NA,2.83,0.869967731259567,2,2
4,"OC",NA,3.61,0.900346678627988,2,3
4,"OC",NA,3.16,0.882820362838514,3,1
4,"OC",NA,3.61,0.900346678627988,3,2
4,"OC",NA,4.24,0.924883520733251,3,3
4,"OC",NA,1.41,0.814662468101672,1,-1
4,"OC",NA,2.24,0.846988783891146,1,-2
4,"OC",NA,3.16,0.882820362838514,1,-3
4,"OC",NA,2.24,0.846988783891146,2,-1
4,"OC",NA,2.83,0.869967731259567,2,-2
4,"OC",NA,3.61,0.900346678627988,2,-3
4,"OC",NA,3.16,0.882820362838514,3,-1
4,"OC",NA,3.61,0.900346678627988,3,-2
4,"OC",NA,4.24,0.924883520733251,3,-3
4,"OC",NA,1.41,0.814662468101672,-1,-1
4,"OC",NA,2.24,0.846988783891146,-1,-2
4,"OC",NA,3.16,0.882820362838514,-1,-3
4,"OC",NA,2.24,0.846988783891146,-2,-1
4,"OC",NA,2.83,0.869967731259567,-2,-2
4,"OC",NA,3.61,0.900346678627988,-2,-3
4,"OC",NA,3.16,0.882820362838514,-3,-1
4,"OC",NA,3.61,0.900346678627988,-3,-2
4,"OC",NA,4.24,0.924883520733251,-3,-3
4,"OC",NA,1.41,0.814662468101672,-1,1
4,"OC",NA,2.24,0.846988783891146,-1,2
4,"OC",NA,3.16,0.882820362838514,-1,3
4,"OC",NA,2.24,0.846988783891146,-2,1
4,"OC",NA,2.83,0.869967731259567,-2,2
4,"OC",NA,3.61,0.900346678627988,-2,3
4,"OC",NA,3.16,0.882820362838514,-3,1
4,"OC",NA,3.61,0.900346678627988,-3,2
4,"OC",NA,4.24,0.924883520733251,-3,3
11,"CC","CENTER",0,0.68,0,0
11,"CC","NORTH",1,0.52,0,1
11,"CC","NORTH",2,0.89,0,2
11,"CC","NORTH",3,1,0,3
11,"CC","EAST",1,0.47,1,0
11,"CC","EAST",2,0.71,2,0
11,"CC","EAST",3,1,3,0
11,"CC","SOUTH",1,0.33,0,-1
11,"CC","SOUTH",2,0.65,0,-2
11,"CC","SOUTH",3,1,0,-3
11,"CC","WEST",1,0.53,-1,0
11,"CC","WEST",2,1,-2,0
11,"CC","WEST",3,0.92,-3,0
11,"OC","CENTER",0,0.57,0,0
11,"OC","NORTH",1,0.56,0,1
11,"OC","NORTH",2,0.92,0,2
11,"OC","NORTH",3,1,0,3
11,"OC","EAST",1,0.33,1,0
11,"OC","EAST",2,0.87,2,0
11,"OC","EAST",3,1,3,0
11,"OC","SOUTH",1,0.43,0,-1
11,"OC","SOUTH",2,0.56,0,-2
11,"OC","SOUTH",3,0.6,0,-3
11,"OC","WEST",1,0.49,-1,0
11,"OC","WEST",2,0.85,-2,0
11,"OC","WEST",3,0.46,-3,0
18,"CC","CENTER",0,0.7,0,0
18,"CC","NORTH",1,0.77,0,1
18,"CC","NORTH",2,0.64,0,2
18,"CC","NORTH",3,0.9,0,3
18,"CC","EAST",1,0.95,1,0
18,"CC","EAST",2,0.51,2,0
18,"CC","EAST",3,1,3,0
18,"CC","SOUTH",1,0.73,0,-1
18,"CC","SOUTH",2,0.88,0,-2
18,"CC","SOUTH",3,0.84,0,-3
18,"CC","WEST",1,0.69,-1,0
18,"CC","WEST",2,0.33,-2,0
18,"CC","WEST",3,1,-3,0
18,"OC","CENTER",0,0.55,0,0
18,"OC","NORTH",1,1,0,1
18,"OC","NORTH",2,1,0,2
18,"OC","NORTH",3,0.64,0,3
18,"OC","EAST",1,0.59,1,0
18,"OC","EAST",2,0.97,2,0
18,"OC","EAST",3,0.93,3,0
18,"OC","SOUTH",1,0.87,0,-1
18,"OC","SOUTH",2,1,0,-2
18,"OC","SOUTH",3,0.95,0,-3
18,"OC","WEST",1,0.79,-1,0
18,"OC","WEST",2,0.61,-2,0
18,"OC","WEST",3,0.87,-3,0
19,"CC","CENTER",0,1,0,0
19,"CC","NORTH",1,0.61,0,1
19,"CC","NORTH",2,0.69,0,2
19,"CC","NORTH",3,0.44,0,3
19,"CC","EAST",1,0.49,1,0
19,"CC","EAST",2,0.59,2,0
19,"CC","EAST",3,0.78,3,0
19,"CC","SOUTH",1,0.95,0,-1
19,"CC","SOUTH",2,0.52,0,-2
19,"CC","SOUTH",3,0.88,0,-3
19,"CC","WEST",1,0.78,-1,0
19,"CC","WEST",2,0.51,-2,0
19,"CC","WEST",3,0.58,-3,0
19,"OC","CENTER",0,0.82,0,0
19,"OC","NORTH",1,0.26,0,1
19,"OC","NORTH",2,0.4,0,2
19,"OC","NORTH",3,0.49,0,3
19,"OC","EAST",1,0.8,1,0
19,"OC","EAST",2,0.68,2,0
19,"OC","EAST",3,0.74,3,0
19,"OC","SOUTH",1,0.85,0,-1
19,"OC","SOUTH",2,0.43,0,-2
19,"OC","SOUTH",3,0.83,0,-3
19,"OC","WEST",1,0.72,-1,0
19,"OC","WEST",2,0.62,-2,0
19,"OC","WEST",3,0.62,-3,0
20,"CC","CENTER",0,0.78,0,0
20,"CC","NORTH",1,1,0,1
20,"CC","NORTH",2,0.83,0,2
20,"CC","NORTH",3,0.88,0,3
20,"CC","EAST",1,0.611,1,0
20,"CC","EAST",2,0.74,2,0
20,"CC","EAST",3,0.69,3,0
20,"CC","SOUTH",1,0.73,0,-1
20,"CC","SOUTH",2,0.73,0,-2
20,"CC","SOUTH",3,0.84,0,-3
20,"CC","WEST",1,0.78,-1,0
20,"CC","WEST",2,0.91,-2,0
20,"CC","WEST",3,0.6,-3,0
20,"OC","CENTER",0,0.66,0,0
20,"OC","NORTH",1,0.81,0,1
20,"OC","NORTH",2,0.57,0,2
20,"OC","NORTH",3,0.94,0,3
20,"OC","EAST",1,0.94,1,0
20,"OC","EAST",2,0.6,2,0
20,"OC","EAST",3,0.83,3,0
20,"OC","SOUTH",1,0.93,0,-1
20,"OC","SOUTH",2,0.83,0,-2
20,"OC","SOUTH",3,0.67,0,-3
20,"OC","WEST",1,0.53,-1,0
20,"OC","WEST",2,0.88,-2,0
20,"OC","WEST",3,0.82,-3,0
37,"CC","CENTER",0,1,0,0
37,"CC","NORTH",1,1,0,1
37,"CC","NORTH",2,0.63,0,2
37,"CC","NORTH",3,1,0,3
37,"CC","EAST",1,1,1,0
37,"CC","EAST",2,0.81,2,0
37,"CC","EAST",3,1,3,0
37,"CC","SOUTH",1,0.56,0,-1
37,"CC","SOUTH",2,1,0,-2
37,"CC","SOUTH",3,1,0,-3
37,"CC","WEST",1,0.71,-1,0
37,"CC","WEST",2,0.81,-2,0
37,"CC","WEST",3,0.89,-3,0
37,"OC","CENTER",0,1,0,0
37,"OC","NORTH",1,0.5,0,1
37,"OC","NORTH",2,0.6,0,2
37,"OC","NORTH",3,0.81,0,3
37,"OC","EAST",1,0.76,1,0
37,"OC","EAST",2,0.89,2,0
37,"OC","EAST",3,1,3,0
37,"OC","SOUTH",1,0.7,0,-1
37,"OC","SOUTH",2,0.67,0,-2
37,"OC","SOUTH",3,0.58,0,-3
37,"OC","WEST",1,1,-1,0
37,"OC","WEST",2,0.81,-2,0
37,"OC","WEST",3,0.83,-3,0
38,"CC","CENTER",0,0.48,0,0
38,"CC","NORTH",1,0.42,0,1
38,"CC","NORTH",2,0.32,0,2
38,"CC","NORTH",3,0.2,0,3
38,"CC","EAST",1,0.33,1,0
38,"CC","EAST",2,0.29,2,0
38,"CC","EAST",3,0.56,3,0
38,"CC","SOUTH",1,0.1,0,-1
38,"CC","SOUTH",2,0.41,0,-2
38,"CC","SOUTH",3,0.82,0,-3
38,"CC","WEST",1,0.44,-1,0
38,"CC","WEST",2,1,-2,0
38,"CC","WEST",3,0.36,-3,0
38,"OC","CENTER",0,0.51,0,0
38,"OC","NORTH",1,0.82,0,1
38,"OC","NORTH",2,0.9,0,2
38,"OC","NORTH",3,0.53,0,3
38,"OC","EAST",1,0.43,1,0
38,"OC","EAST",2,0.36,2,0
38,"OC","EAST",3,0.58,3,0
38,"OC","SOUTH",1,0.63,0,-1
38,"OC","SOUTH",2,0.42,0,-2
38,"OC","SOUTH",3,0.7,0,-3
38,"OC","WEST",1,0.94,-1,0
38,"OC","WEST",2,1,-2,0
38,"OC","WEST",3,1,-3,0
4,"CC","CENTER",0,0.58,0,0
4,"CC","NORTH",1,1,0,1
4,"CC","NORTH",2,0.79,0,2
4,"CC","NORTH",3,0.78,0,3
4,"CC","EAST",1,1,1,0
4,"CC","EAST",2,0.53,2,0
4,"CC","EAST",3,0.45,3,0
4,"CC","SOUTH",1,0.87,0,-1
4,"CC","SOUTH",2,1,0,-2
4,"CC","SOUTH",3,0.57,0,-3
4,"CC","WEST",1,0.6,-1,0
4,"CC","WEST",2,1,-2,0
4,"CC","WEST",3,0.95,-3,0
4,"OC","CENTER",0,0.9,0,0
4,"OC","NORTH",1,0.6,0,1
4,"OC","NORTH",2,1,0,2
4,"OC","NORTH",3,0.96,0,3
4,"OC","EAST",1,0.9,1,0
4,"OC","EAST",2,0.87,2,0
4,"OC","EAST",3,0.91,3,0
4,"OC","SOUTH",1,0.94,0,-1
4,"OC","SOUTH",2,0.85,0,-2
4,"OC","SOUTH",3,0.94,0,-3
4,"OC","WEST",1,0.85,-1,0
4,"OC","WEST",2,0.94,-2,0
4,"OC","WEST",3,0.96,-3,0
5,"CC","CENTER",0,0.38,0,0
5,"CC","NORTH",1,0.88,0,1
5,"CC","NORTH",2,0.52,0,2
5,"CC","NORTH",3,0.9,0,3
5,"CC","EAST",1,0.73,1,0
5,"CC","EAST",2,0.47,2,0
5,"CC","EAST",3,0.52,3,0
5,"CC","SOUTH",1,0.61,0,-1
5,"CC","SOUTH",2,0.79,0,-2
5,"CC","SOUTH",3,0.7,0,-3
5,"CC","WEST",1,0.65,-1,0
5,"CC","WEST",2,0.5,-2,0
5,"CC","WEST",3,0.92,-3,0
5,"OC","CENTER",0,0.38,0,0
5,"OC","NORTH",1,0.82,0,1
5,"OC","NORTH",2,0.54,0,2
5,"OC","NORTH",3,0.63,0,3
5,"OC","EAST",1,0.61,1,0
5,"OC","EAST",2,0.4,2,0
5,"OC","EAST",3,0.76,3,0
5,"OC","SOUTH",1,0.41,0,-1
5,"OC","SOUTH",2,0.65,0,-2
5,"OC","SOUTH",3,1,0,-3
5,"OC","WEST",1,0.86,-1,0
5,"OC","WEST",2,0.68,-2,0
5,"OC","WEST",3,0.71,-3,0
